{"cameraMode":{"drawMode":0,"name":"Shaded","section":"Shading Mode"},"sceneLighting":true,"audioPlay":false,"sceneViewState":{"m_AlwaysRefresh":false,"showFog":true,"showSkybox":true,"showFlares":true,"showImageEffects":true,"showParticleSystems":true,"showVisualEffectGraphs":true,"m_FxEnabled":true},"in2DMode":false,"pivot":{"x":-0.8380565643310547,"y":1.2323685884475709,"z":-0.2546686828136444},"rotation":{"x":-0.18032832443714143,"y":0.4487828314304352,"z":-0.09298807382583618,"w":-0.8703076839447022},"size":0.11903394013643265,"orthographic":false}