{"cameraMode":{"drawMode":2,"name":"Shaded Wireframe","section":"Shading Mode"},"sceneLighting":true,"audioPlay":false,"sceneViewState":{"m_AlwaysRefresh":false,"showFog":true,"showSkybox":true,"showFlares":true,"showImageEffects":true,"showParticleSystems":true,"showVisualEffectGraphs":true,"m_FxEnabled":true},"in2DMode":false,"pivot":{"x":-0.6206130981445313,"y":1.0019530057907105,"z":0.7905293703079224},"rotation":{"x":0.28061047196388247,"y":0.00699505815282464,"z":-0.0028000373858958484,"w":0.9599577188491821},"size":0.13584627211093903,"orthographic":false}